image_id,file_name,actual_class,predicted_class,confidence,is_correct,is_recyclable,model_name,confidence_band
1,cardboard10.jpg,cardboard,cardboard,1.0,1,1,mobilenetv2,high
2,cardboard102.jpg,cardboard,cardboard,0.9989,1,1,mobilenetv2,high
3,cardboard110.jpg,cardboard,cardboard,0.8899,1,1,mobilenetv2,high
4,cardboard111.jpg,cardboard,cardboard,0.9029,1,1,mobilenetv2,high
5,cardboard117.jpg,cardboard,cardboard,0.9338,1,1,mobilenetv2,high
6,cardboard128.jpg,cardboard,paper,0.9516,0,1,mobilenetv2,high
7,cardboard143.jpg,cardboard,metal,0.9412,0,1,mobilenetv2,high
8,cardboard148.jpg,cardboard,cardboard,1.0,1,1,mobilenetv2,high
9,cardboard154.jpg,cardboard,cardboard,0.9431,1,1,mobilenetv2,high
10,cardboard155.jpg,cardboard,cardboard,1.0,1,1,mobilenetv2,high
11,cardboard163.jpg,cardboard,paper,0.796,0,1,mobilenetv2,medium
12,cardboard171.jpg,cardboard,cardboard,0.7677,1,1,mobilenetv2,medium
13,cardboard179.jpg,cardboard,cardboard,0.9923,1,1,mobilenetv2,high
14,cardboard181.jpg,cardboard,cardboard,1.0,1,1,mobilenetv2,high
15,cardboard19.jpg,cardboard,cardboard,1.0,1,1,mobilenetv2,high
16,cardboard191.jpg,cardboard,cardboard,0.9647,1,1,mobilenetv2,high
17,cardboard195.jpg,cardboard,cardboard,0.9979,1,1,mobilenetv2,high
18,cardboard214.jpg,cardboard,cardboard,0.9995,1,1,mobilenetv2,high
19,cardboard220.jpg,cardboard,cardboard,0.9457,1,1,mobilenetv2,high
20,cardboard223.jpg,cardboard,cardboard,1.0,1,1,mobilenetv2,high
21,cardboard24.jpg,cardboard,cardboard,1.0,1,1,mobilenetv2,high
22,cardboard243.jpg,cardboard,cardboard,1.0,1,1,mobilenetv2,high
23,cardboard244.jpg,cardboard,cardboard,1.0,1,1,mobilenetv2,high
24,cardboard245.jpg,cardboard,cardboard,0.9972,1,1,mobilenetv2,high
25,cardboard249.jpg,cardboard,cardboard,1.0,1,1,mobilenetv2,high
26,cardboard251.jpg,cardboard,cardboard,1.0,1,1,mobilenetv2,high
27,cardboard269.jpg,cardboard,cardboard,1.0,1,1,mobilenetv2,high
28,cardboard27.jpg,cardboard,cardboard,1.0,1,1,mobilenetv2,high
29,cardboard286.jpg,cardboard,metal,0.374,0,1,mobilenetv2,low
30,cardboard291.jpg,cardboard,cardboard,0.9999,1,1,mobilenetv2,high
31,cardboard293.jpg,cardboard,cardboard,0.9993,1,1,mobilenetv2,high
32,cardboard294.jpg,cardboard,cardboard,0.999,1,1,mobilenetv2,high
33,cardboard295.jpg,cardboard,cardboard,0.9998,1,1,mobilenetv2,high
34,cardboard302.jpg,cardboard,cardboard,0.9996,1,1,mobilenetv2,high
35,cardboard306.jpg,cardboard,cardboard,1.0,1,1,mobilenetv2,high
36,cardboard316.jpg,cardboard,cardboard,1.0,1,1,mobilenetv2,high
37,cardboard333.jpg,cardboard,cardboard,0.9339,1,1,mobilenetv2,high
38,cardboard336.jpg,cardboard,cardboard,0.9909,1,1,mobilenetv2,high
39,cardboard337.jpg,cardboard,cardboard,1.0,1,1,mobilenetv2,high
40,cardboard34.jpg,cardboard,cardboard,1.0,1,1,mobilenetv2,high
41,cardboard341.jpg,cardboard,cardboard,1.0,1,1,mobilenetv2,high
42,cardboard345.jpg,cardboard,cardboard,1.0,1,1,mobilenetv2,high
43,cardboard365.jpg,cardboard,cardboard,1.0,1,1,mobilenetv2,high
44,cardboard37.jpg,cardboard,cardboard,1.0,1,1,mobilenetv2,high
45,cardboard372.jpg,cardboard,cardboard,0.9987,1,1,mobilenetv2,high
46,cardboard377.jpg,cardboard,cardboard,0.9999,1,1,mobilenetv2,high
47,cardboard381.jpg,cardboard,cardboard,1.0,1,1,mobilenetv2,high
48,cardboard382.jpg,cardboard,cardboard,1.0,1,1,mobilenetv2,high
49,cardboard392.jpg,cardboard,metal,0.6555,0,1,mobilenetv2,medium
50,cardboard41.jpg,cardboard,paper,0.9999,0,1,mobilenetv2,high
51,cardboard43.jpg,cardboard,cardboard,1.0,1,1,mobilenetv2,high
52,cardboard49.jpg,cardboard,cardboard,0.9999,1,1,mobilenetv2,high
53,cardboard5.jpg,cardboard,cardboard,0.9999,1,1,mobilenetv2,high
54,cardboard60.jpg,cardboard,cardboard,1.0,1,1,mobilenetv2,high
55,cardboard67.jpg,cardboard,cardboard,1.0,1,1,mobilenetv2,high
56,cardboard71.jpg,cardboard,cardboard,1.0,1,1,mobilenetv2,high
57,cardboard80.jpg,cardboard,cardboard,1.0,1,1,mobilenetv2,high
58,cardboard84.jpg,cardboard,cardboard,1.0,1,1,mobilenetv2,high
59,cardboard97.jpg,cardboard,cardboard,1.0,1,1,mobilenetv2,high
60,cardboard99.jpg,cardboard,metal,0.4365,0,1,mobilenetv2,low
61,glass107.jpg,glass,glass,0.993,1,1,mobilenetv2,high
62,glass109.jpg,glass,glass,0.9982,1,1,mobilenetv2,high
63,glass11.jpg,glass,glass,0.999,1,1,mobilenetv2,high
64,glass119.jpg,glass,glass,0.9996,1,1,mobilenetv2,high
65,glass128.jpg,glass,glass,0.9934,1,1,mobilenetv2,high
66,glass130.jpg,glass,glass,1.0,1,1,mobilenetv2,high
67,glass131.jpg,glass,glass,0.9966,1,1,mobilenetv2,high
68,glass133.jpg,glass,glass,0.9992,1,1,mobilenetv2,high
69,glass137.jpg,glass,glass,0.7447,1,1,mobilenetv2,medium
70,glass140.jpg,glass,glass,0.4774,1,1,mobilenetv2,low
71,glass141.jpg,glass,metal,0.9304,0,1,mobilenetv2,high
72,glass150.jpg,glass,glass,0.9873,1,1,mobilenetv2,high
73,glass160.jpg,glass,glass,0.9938,1,1,mobilenetv2,high
74,glass166.jpg,glass,glass,0.9839,1,1,mobilenetv2,high
75,glass18.jpg,glass,glass,0.9922,1,1,mobilenetv2,high
76,glass181.jpg,glass,plastic,0.7047,0,1,mobilenetv2,medium
77,glass183.jpg,glass,glass,0.9918,1,1,mobilenetv2,high
78,glass184.jpg,glass,plastic,0.8695,0,1,mobilenetv2,high
79,glass19.jpg,glass,glass,0.9994,1,1,mobilenetv2,high
80,glass201.jpg,glass,glass,0.8206,1,1,mobilenetv2,high
81,glass208.jpg,glass,glass,0.9951,1,1,mobilenetv2,high
82,glass21.jpg,glass,glass,0.9819,1,1,mobilenetv2,high
83,glass211.jpg,glass,glass,0.6045,1,1,mobilenetv2,medium
84,glass214.jpg,glass,glass,0.9899,1,1,mobilenetv2,high
85,glass228.jpg,glass,metal,0.634,0,1,mobilenetv2,medium
86,glass230.jpg,glass,plastic,0.9063,0,1,mobilenetv2,high
87,glass234.jpg,glass,glass,0.9988,1,1,mobilenetv2,high
88,glass235.jpg,glass,glass,0.8227,1,1,mobilenetv2,high
89,glass240.jpg,glass,glass,0.9994,1,1,mobilenetv2,high
90,glass242.jpg,glass,glass,0.9992,1,1,mobilenetv2,high
91,glass245.jpg,glass,glass,0.9688,1,1,mobilenetv2,high
92,glass25.jpg,glass,glass,0.9639,1,1,mobilenetv2,high
93,glass259.jpg,glass,glass,0.9861,1,1,mobilenetv2,high
94,glass263.jpg,glass,glass,0.9975,1,1,mobilenetv2,high
95,glass265.jpg,glass,glass,0.9515,1,1,mobilenetv2,high
96,glass269.jpg,glass,glass,0.7894,1,1,mobilenetv2,medium
97,glass27.jpg,glass,glass,0.7375,1,1,mobilenetv2,medium
98,glass275.jpg,glass,glass,0.979,1,1,mobilenetv2,high
99,glass294.jpg,glass,glass,0.9896,1,1,mobilenetv2,high
100,glass304.jpg,glass,metal,0.4645,0,1,mobilenetv2,low
101,glass313.jpg,glass,glass,0.7476,1,1,mobilenetv2,medium
102,glass320.jpg,glass,glass,0.9984,1,1,mobilenetv2,high
103,glass322.jpg,glass,metal,0.6361,0,1,mobilenetv2,medium
104,glass327.jpg,glass,glass,0.9821,1,1,mobilenetv2,high
105,glass340.jpg,glass,glass,0.9826,1,1,mobilenetv2,high
106,glass348.jpg,glass,metal,0.502,0,1,mobilenetv2,medium
107,glass355.jpg,glass,glass,1.0,1,1,mobilenetv2,high
108,glass359.jpg,glass,plastic,0.8683,0,1,mobilenetv2,high
109,glass36.jpg,glass,glass,0.9983,1,1,mobilenetv2,high
110,glass370.jpg,glass,glass,0.9479,1,1,mobilenetv2,high
111,glass376.jpg,glass,glass,0.9995,1,1,mobilenetv2,high
112,glass381.jpg,glass,glass,0.9999,1,1,mobilenetv2,high
113,glass385.jpg,glass,metal,0.5426,0,1,mobilenetv2,medium
114,glass39.jpg,glass,glass,0.9574,1,1,mobilenetv2,high
115,glass400.jpg,glass,metal,0.9979,0,1,mobilenetv2,high
116,glass401.jpg,glass,paper,0.9758,0,1,mobilenetv2,high
117,glass404.jpg,glass,glass,0.7059,1,1,mobilenetv2,medium
118,glass431.jpg,glass,glass,0.9357,1,1,mobilenetv2,high
119,glass459.jpg,glass,metal,0.8546,0,1,mobilenetv2,high
120,glass461.jpg,glass,metal,0.5605,0,1,mobilenetv2,medium
121,glass473.jpg,glass,glass,0.995,1,1,mobilenetv2,high
122,glass480.jpg,glass,glass,0.7298,1,1,mobilenetv2,medium
123,glass483.jpg,glass,glass,0.6269,1,1,mobilenetv2,medium
124,glass488.jpg,glass,glass,0.974,1,1,mobilenetv2,high
125,glass489.jpg,glass,glass,0.9653,1,1,mobilenetv2,high
126,glass490.jpg,glass,glass,0.8616,1,1,mobilenetv2,high
127,glass494.jpg,glass,metal,0.7458,0,1,mobilenetv2,medium
128,glass5.jpg,glass,metal,0.7909,0,1,mobilenetv2,medium
129,glass500.jpg,glass,glass,0.9949,1,1,mobilenetv2,high
130,glass55.jpg,glass,plastic,0.9971,0,1,mobilenetv2,high
131,glass58.jpg,glass,glass,0.7561,1,1,mobilenetv2,medium
132,glass6.jpg,glass,metal,0.634,0,1,mobilenetv2,medium
133,glass69.jpg,glass,glass,0.9987,1,1,mobilenetv2,high
134,glass74.jpg,glass,glass,0.9448,1,1,mobilenetv2,high
135,glass75.jpg,glass,glass,0.993,1,1,mobilenetv2,high
136,glass97.jpg,glass,glass,1.0,1,1,mobilenetv2,high
137,metal103.jpg,metal,metal,0.9981,1,1,mobilenetv2,high
138,metal11.jpg,metal,metal,0.9999,1,1,mobilenetv2,high
139,metal116.jpg,metal,metal,0.9901,1,1,mobilenetv2,high
140,metal126.jpg,metal,metal,0.9995,1,1,mobilenetv2,high
141,metal129.jpg,metal,metal,0.9999,1,1,mobilenetv2,high
142,metal13.jpg,metal,metal,1.0,1,1,mobilenetv2,high
143,metal132.jpg,metal,metal,0.9811,1,1,mobilenetv2,high
144,metal140.jpg,metal,metal,1.0,1,1,mobilenetv2,high
145,metal152.jpg,metal,metal,0.9997,1,1,mobilenetv2,high
146,metal154.jpg,metal,metal,0.9641,1,1,mobilenetv2,high
147,metal160.jpg,metal,metal,0.9293,1,1,mobilenetv2,high
148,metal166.jpg,metal,metal,0.9385,1,1,mobilenetv2,high
149,metal167.jpg,metal,metal,0.9988,1,1,mobilenetv2,high
150,metal169.jpg,metal,metal,0.9982,1,1,mobilenetv2,high
151,metal173.jpg,metal,glass,0.4037,0,1,mobilenetv2,low
152,metal174.jpg,metal,metal,0.9997,1,1,mobilenetv2,high
153,metal179.jpg,metal,metal,0.9927,1,1,mobilenetv2,high
154,metal184.jpg,metal,metal,1.0,1,1,mobilenetv2,high
155,metal2.jpg,metal,metal,0.999,1,1,mobilenetv2,high
156,metal215.jpg,metal,metal,1.0,1,1,mobilenetv2,high
157,metal217.jpg,metal,metal,0.9999,1,1,mobilenetv2,high
158,metal218.jpg,metal,metal,0.9942,1,1,mobilenetv2,high
159,metal224.jpg,metal,metal,1.0,1,1,mobilenetv2,high
160,metal235.jpg,metal,metal,0.9998,1,1,mobilenetv2,high
161,metal243.jpg,metal,metal,0.998,1,1,mobilenetv2,high
162,metal247.jpg,metal,metal,0.998,1,1,mobilenetv2,high
163,metal254.jpg,metal,metal,0.9982,1,1,mobilenetv2,high
164,metal259.jpg,metal,metal,0.9279,1,1,mobilenetv2,high
165,metal260.jpg,metal,metal,1.0,1,1,mobilenetv2,high
166,metal273.jpg,metal,metal,0.9995,1,1,mobilenetv2,high
167,metal290.jpg,metal,metal,0.9973,1,1,mobilenetv2,high
168,metal297.jpg,metal,metal,0.9995,1,1,mobilenetv2,high
169,metal3.jpg,metal,metal,0.9996,1,1,mobilenetv2,high
170,metal301.jpg,metal,metal,1.0,1,1,mobilenetv2,high
171,metal311.jpg,metal,metal,0.9881,1,1,mobilenetv2,high
172,metal317.jpg,metal,metal,0.9999,1,1,mobilenetv2,high
173,metal331.jpg,metal,metal,0.4351,1,1,mobilenetv2,low
174,metal352.jpg,metal,metal,0.9689,1,1,mobilenetv2,high
175,metal358.jpg,metal,metal,0.7355,1,1,mobilenetv2,medium
176,metal362.jpg,metal,metal,0.9453,1,1,mobilenetv2,high
177,metal364.jpg,metal,metal,0.9976,1,1,mobilenetv2,high
178,metal365.jpg,metal,metal,0.9328,1,1,mobilenetv2,high
179,metal369.jpg,metal,metal,0.9674,1,1,mobilenetv2,high
180,metal373.jpg,metal,metal,0.9961,1,1,mobilenetv2,high
181,metal379.jpg,metal,metal,0.9999,1,1,mobilenetv2,high
182,metal386.jpg,metal,metal,1.0,1,1,mobilenetv2,high
183,metal388.jpg,metal,metal,0.9999,1,1,mobilenetv2,high
184,metal389.jpg,metal,metal,0.9996,1,1,mobilenetv2,high
185,metal392.jpg,metal,metal,0.9999,1,1,mobilenetv2,high
186,metal397.jpg,metal,metal,1.0,1,1,mobilenetv2,high
187,metal399.jpg,metal,metal,0.9994,1,1,mobilenetv2,high
188,metal402.jpg,metal,metal,0.9869,1,1,mobilenetv2,high
189,metal406.jpg,metal,metal,0.9985,1,1,mobilenetv2,high
190,metal53.jpg,metal,metal,0.9994,1,1,mobilenetv2,high
191,metal55.jpg,metal,metal,0.9999,1,1,mobilenetv2,high
192,metal57.jpg,metal,metal,1.0,1,1,mobilenetv2,high
193,metal64.jpg,metal,metal,0.9303,1,1,mobilenetv2,high
194,metal87.jpg,metal,metal,0.9856,1,1,mobilenetv2,high
195,metal9.jpg,metal,metal,0.9981,1,1,mobilenetv2,high
196,metal90.jpg,metal,metal,0.9999,1,1,mobilenetv2,high
197,metal93.jpg,metal,metal,0.8344,1,1,mobilenetv2,high
198,metal98.jpg,metal,metal,0.9588,1,1,mobilenetv2,high
199,paper101.jpg,paper,paper,0.9668,1,1,mobilenetv2,high
200,paper109.jpg,paper,paper,0.9996,1,1,mobilenetv2,high
201,paper110.jpg,paper,paper,0.8244,1,1,mobilenetv2,high
202,paper111.jpg,paper,paper,0.8143,1,1,mobilenetv2,high
203,paper112.jpg,paper,paper,0.9984,1,1,mobilenetv2,high
204,paper113.jpg,paper,metal,0.7665,0,1,mobilenetv2,medium
205,paper122.jpg,paper,paper,0.4595,1,1,mobilenetv2,low
206,paper124.jpg,paper,paper,0.8911,1,1,mobilenetv2,high
207,paper138.jpg,paper,paper,0.9958,1,1,mobilenetv2,high
208,paper140.jpg,paper,paper,0.9998,1,1,mobilenetv2,high
209,paper148.jpg,paper,paper,0.874,1,1,mobilenetv2,high
210,paper153.jpg,paper,paper,0.9999,1,1,mobilenetv2,high
211,paper157.jpg,paper,paper,0.9997,1,1,mobilenetv2,high
212,paper160.jpg,paper,paper,0.9656,1,1,mobilenetv2,high
213,paper164.jpg,paper,paper,0.993,1,1,mobilenetv2,high
214,paper172.jpg,paper,cardboard,0.9123,0,1,mobilenetv2,high
215,paper179.jpg,paper,paper,0.9359,1,1,mobilenetv2,high
216,paper190.jpg,paper,paper,0.5252,1,1,mobilenetv2,medium
217,paper20.jpg,paper,paper,0.9966,1,1,mobilenetv2,high
218,paper216.jpg,paper,plastic,0.4356,0,1,mobilenetv2,low
219,paper221.jpg,paper,paper,0.9994,1,1,mobilenetv2,high
220,paper225.jpg,paper,trash,0.8643,0,1,mobilenetv2,high
221,paper23.jpg,paper,paper,0.7125,1,1,mobilenetv2,medium
222,paper232.jpg,paper,paper,0.9997,1,1,mobilenetv2,high
223,paper235.jpg,paper,paper,0.7885,1,1,mobilenetv2,medium
224,paper241.jpg,paper,paper,0.9668,1,1,mobilenetv2,high
225,paper243.jpg,paper,metal,0.6903,0,1,mobilenetv2,medium
226,paper25.jpg,paper,paper,0.9793,1,1,mobilenetv2,high
227,paper251.jpg,paper,metal,0.9836,0,1,mobilenetv2,high
228,paper263.jpg,paper,paper,0.9904,1,1,mobilenetv2,high
229,paper268.jpg,paper,paper,0.9939,1,1,mobilenetv2,high
230,paper272.jpg,paper,paper,0.9988,1,1,mobilenetv2,high
231,paper28.jpg,paper,paper,0.9986,1,1,mobilenetv2,high
232,paper293.jpg,paper,paper,0.9095,1,1,mobilenetv2,high
233,paper310.jpg,paper,cardboard,0.6132,0,1,mobilenetv2,medium
234,paper313.jpg,paper,paper,0.5659,1,1,mobilenetv2,medium
235,paper320.jpg,paper,paper,0.9908,1,1,mobilenetv2,high
236,paper338.jpg,paper,paper,0.9968,1,1,mobilenetv2,high
237,paper34.jpg,paper,paper,0.9927,1,1,mobilenetv2,high
238,paper340.jpg,paper,paper,0.9856,1,1,mobilenetv2,high
239,paper345.jpg,paper,paper,0.9977,1,1,mobilenetv2,high
240,paper357.jpg,paper,paper,1.0,1,1,mobilenetv2,high
241,paper358.jpg,paper,paper,0.9994,1,1,mobilenetv2,high
242,paper359.jpg,paper,paper,0.9999,1,1,mobilenetv2,high
243,paper362.jpg,paper,paper,0.9387,1,1,mobilenetv2,high
244,paper365.jpg,paper,paper,0.9973,1,1,mobilenetv2,high
245,paper370.jpg,paper,glass,0.8599,0,1,mobilenetv2,high
246,paper378.jpg,paper,paper,0.9997,1,1,mobilenetv2,high
247,paper379.jpg,paper,paper,0.9152,1,1,mobilenetv2,high
248,paper38.jpg,paper,paper,0.991,1,1,mobilenetv2,high
249,paper390.jpg,paper,paper,0.8529,1,1,mobilenetv2,high
250,paper394.jpg,paper,metal,0.9998,0,1,mobilenetv2,high
251,paper396.jpg,paper,paper,0.9647,1,1,mobilenetv2,high
252,paper406.jpg,paper,paper,0.9157,1,1,mobilenetv2,high
253,paper427.jpg,paper,paper,0.9995,1,1,mobilenetv2,high
254,paper435.jpg,paper,paper,0.9908,1,1,mobilenetv2,high
255,paper442.jpg,paper,cardboard,0.8967,0,1,mobilenetv2,high
256,paper456.jpg,paper,paper,0.9953,1,1,mobilenetv2,high
257,paper460.jpg,paper,paper,0.9836,1,1,mobilenetv2,high
258,paper471.jpg,paper,paper,0.8665,1,1,mobilenetv2,high
259,paper473.jpg,paper,paper,0.9835,1,1,mobilenetv2,high
260,paper480.jpg,paper,paper,0.999,1,1,mobilenetv2,high
261,paper490.jpg,paper,paper,0.9964,1,1,mobilenetv2,high
262,paper498.jpg,paper,paper,0.9986,1,1,mobilenetv2,high
263,paper508.jpg,paper,cardboard,0.9427,0,1,mobilenetv2,high
264,paper518.jpg,paper,paper,0.9759,1,1,mobilenetv2,high
265,paper519.jpg,paper,paper,0.9999,1,1,mobilenetv2,high
266,paper52.jpg,paper,paper,0.998,1,1,mobilenetv2,high
267,paper525.jpg,paper,paper,0.9998,1,1,mobilenetv2,high
268,paper526.jpg,paper,paper,0.9996,1,1,mobilenetv2,high
269,paper527.jpg,paper,paper,0.9772,1,1,mobilenetv2,high
270,paper528.jpg,paper,paper,0.6792,1,1,mobilenetv2,medium
271,paper530.jpg,paper,paper,0.9675,1,1,mobilenetv2,high
272,paper535.jpg,paper,paper,0.9995,1,1,mobilenetv2,high
273,paper539.jpg,paper,paper,0.9949,1,1,mobilenetv2,high
274,paper547.jpg,paper,paper,0.9972,1,1,mobilenetv2,high
275,paper570.jpg,paper,paper,0.9998,1,1,mobilenetv2,high
276,paper584.jpg,paper,paper,0.9857,1,1,mobilenetv2,high
277,paper592.jpg,paper,metal,0.6952,0,1,mobilenetv2,medium
278,paper6.jpg,paper,cardboard,0.7652,0,1,mobilenetv2,medium
279,paper61.jpg,paper,paper,0.5802,1,1,mobilenetv2,medium
280,paper66.jpg,paper,paper,0.9999,1,1,mobilenetv2,high
281,paper78.jpg,paper,paper,0.9999,1,1,mobilenetv2,high
282,paper8.jpg,paper,cardboard,0.9863,0,1,mobilenetv2,high
283,paper82.jpg,paper,paper,0.9981,1,1,mobilenetv2,high
284,paper86.jpg,paper,paper,0.9984,1,1,mobilenetv2,high
285,paper93.jpg,paper,paper,0.9905,1,1,mobilenetv2,high
286,paper94.jpg,paper,paper,0.9906,1,1,mobilenetv2,high
287,paper95.jpg,paper,paper,0.4711,1,1,mobilenetv2,low
288,plastic10.jpg,plastic,plastic,0.8734,1,1,mobilenetv2,high
289,plastic102.jpg,plastic,metal,0.8386,0,1,mobilenetv2,high
290,plastic109.jpg,plastic,plastic,0.498,1,1,mobilenetv2,low
291,plastic116.jpg,plastic,plastic,0.9571,1,1,mobilenetv2,high
292,plastic123.jpg,plastic,metal,0.793,0,1,mobilenetv2,medium
293,plastic13.jpg,plastic,plastic,0.9725,1,1,mobilenetv2,high
294,plastic135.jpg,plastic,plastic,0.9997,1,1,mobilenetv2,high
295,plastic167.jpg,plastic,plastic,0.9969,1,1,mobilenetv2,high
296,plastic177.jpg,plastic,plastic,0.7081,1,1,mobilenetv2,medium
297,plastic196.jpg,plastic,metal,0.9916,0,1,mobilenetv2,high
298,plastic199.jpg,plastic,metal,0.9076,0,1,mobilenetv2,high
299,plastic204.jpg,plastic,plastic,0.9986,1,1,mobilenetv2,high
300,plastic214.jpg,plastic,plastic,0.9964,1,1,mobilenetv2,high
301,plastic234.jpg,plastic,plastic,0.9992,1,1,mobilenetv2,high
302,plastic24.jpg,plastic,plastic,0.6976,1,1,mobilenetv2,medium
303,plastic245.jpg,plastic,plastic,0.9997,1,1,mobilenetv2,high
304,plastic256.jpg,plastic,plastic,0.9932,1,1,mobilenetv2,high
305,plastic259.jpg,plastic,plastic,0.7006,1,1,mobilenetv2,medium
306,plastic261.jpg,plastic,metal,0.7259,0,1,mobilenetv2,medium
307,plastic264.jpg,plastic,plastic,0.9769,1,1,mobilenetv2,high
308,plastic272.jpg,plastic,plastic,0.9998,1,1,mobilenetv2,high
309,plastic277.jpg,plastic,plastic,0.9999,1,1,mobilenetv2,high
310,plastic282.jpg,plastic,plastic,0.9998,1,1,mobilenetv2,high
311,plastic284.jpg,plastic,plastic,1.0,1,1,mobilenetv2,high
312,plastic293.jpg,plastic,plastic,0.9984,1,1,mobilenetv2,high
313,plastic295.jpg,plastic,plastic,0.9993,1,1,mobilenetv2,high
314,plastic304.jpg,plastic,plastic,0.929,1,1,mobilenetv2,high
315,plastic309.jpg,plastic,plastic,0.9711,1,1,mobilenetv2,high
316,plastic314.jpg,plastic,plastic,0.9851,1,1,mobilenetv2,high
317,plastic316.jpg,plastic,plastic,0.9945,1,1,mobilenetv2,high
318,plastic319.jpg,plastic,plastic,0.9997,1,1,mobilenetv2,high
319,plastic324.jpg,plastic,plastic,0.991,1,1,mobilenetv2,high
320,plastic341.jpg,plastic,plastic,0.9999,1,1,mobilenetv2,high
321,plastic347.jpg,plastic,plastic,0.9821,1,1,mobilenetv2,high
322,plastic354.jpg,plastic,plastic,0.9734,1,1,mobilenetv2,high
323,plastic355.jpg,plastic,plastic,0.8732,1,1,mobilenetv2,high
324,plastic359.jpg,plastic,plastic,0.7376,1,1,mobilenetv2,medium
325,plastic36.jpg,plastic,plastic,0.9983,1,1,mobilenetv2,high
326,plastic362.jpg,plastic,plastic,0.7022,1,1,mobilenetv2,medium
327,plastic363.jpg,plastic,plastic,0.9998,1,1,mobilenetv2,high
328,plastic367.jpg,plastic,plastic,0.9995,1,1,mobilenetv2,high
329,plastic368.jpg,plastic,plastic,0.9996,1,1,mobilenetv2,high
330,plastic371.jpg,plastic,plastic,0.9871,1,1,mobilenetv2,high
331,plastic373.jpg,plastic,plastic,0.9999,1,1,mobilenetv2,high
332,plastic379.jpg,plastic,plastic,0.9996,1,1,mobilenetv2,high
333,plastic38.jpg,plastic,plastic,0.9999,1,1,mobilenetv2,high
334,plastic385.jpg,plastic,plastic,0.6389,1,1,mobilenetv2,medium
335,plastic392.jpg,plastic,plastic,0.9616,1,1,mobilenetv2,high
336,plastic394.jpg,plastic,plastic,0.99,1,1,mobilenetv2,high
337,plastic398.jpg,plastic,plastic,0.9987,1,1,mobilenetv2,high
338,plastic4.jpg,plastic,plastic,0.2809,1,1,mobilenetv2,low
339,plastic405.jpg,plastic,plastic,1.0,1,1,mobilenetv2,high
340,plastic418.jpg,plastic,metal,0.948,0,1,mobilenetv2,high
341,plastic429.jpg,plastic,plastic,0.9993,1,1,mobilenetv2,high
342,plastic435.jpg,plastic,plastic,0.9394,1,1,mobilenetv2,high
343,plastic436.jpg,plastic,plastic,0.8555,1,1,mobilenetv2,high
344,plastic441.jpg,plastic,glass,0.6477,0,1,mobilenetv2,medium
345,plastic454.jpg,plastic,metal,0.9783,0,1,mobilenetv2,high
346,plastic455.jpg,plastic,paper,0.9788,0,1,mobilenetv2,high
347,plastic456.jpg,plastic,plastic,0.8113,1,1,mobilenetv2,high
348,plastic479.jpg,plastic,plastic,0.9736,1,1,mobilenetv2,high
349,plastic480.jpg,plastic,plastic,0.823,1,1,mobilenetv2,high
350,plastic5.jpg,plastic,plastic,0.9997,1,1,mobilenetv2,high
351,plastic60.jpg,plastic,plastic,0.9999,1,1,mobilenetv2,high
352,plastic62.jpg,plastic,plastic,0.9997,1,1,mobilenetv2,high
353,plastic67.jpg,plastic,plastic,0.9999,1,1,mobilenetv2,high
354,plastic73.jpg,plastic,plastic,0.993,1,1,mobilenetv2,high
355,plastic86.jpg,plastic,plastic,0.9044,1,1,mobilenetv2,high
356,plastic87.jpg,plastic,plastic,0.9994,1,1,mobilenetv2,high
357,plastic9.jpg,plastic,metal,0.9781,0,1,mobilenetv2,high
358,plastic90.jpg,plastic,plastic,0.9974,1,1,mobilenetv2,high
359,plastic96.jpg,plastic,plastic,0.9951,1,1,mobilenetv2,high
360,plastic97.jpg,plastic,plastic,0.9999,1,1,mobilenetv2,high
361,trash101.jpg,trash,trash,0.9992,1,0,mobilenetv2,high
362,trash104.jpg,trash,trash,0.5193,1,0,mobilenetv2,medium
363,trash106.jpg,trash,trash,0.9978,1,0,mobilenetv2,high
364,trash107.jpg,trash,plastic,0.8313,0,0,mobilenetv2,high
365,trash108.jpg,trash,trash,0.9376,1,0,mobilenetv2,high
366,trash117.jpg,trash,trash,0.9672,1,0,mobilenetv2,high
367,trash130.jpg,trash,trash,0.973,1,0,mobilenetv2,high
368,trash25.jpg,trash,trash,0.8145,1,0,mobilenetv2,high
369,trash30.jpg,trash,trash,0.9798,1,0,mobilenetv2,high
370,trash31.jpg,trash,trash,0.5539,1,0,mobilenetv2,medium
371,trash40.jpg,trash,metal,0.6392,0,0,mobilenetv2,medium
372,trash62.jpg,trash,metal,0.7729,0,0,mobilenetv2,medium
373,trash66.jpg,trash,metal,0.8507,0,0,mobilenetv2,high
374,trash67.jpg,trash,trash,0.9999,1,0,mobilenetv2,high
375,trash74.jpg,trash,trash,0.9982,1,0,mobilenetv2,high
376,trash8.jpg,trash,trash,0.9999,1,0,mobilenetv2,high
377,trash85.jpg,trash,metal,0.9313,0,0,mobilenetv2,high
378,trash86.jpg,trash,trash,0.5517,1,0,mobilenetv2,medium
379,trash89.jpg,trash,paper,0.9848,0,0,mobilenetv2,high
380,trash92.jpg,trash,trash,0.5733,1,0,mobilenetv2,medium
